DateTime,E.91,E.1,E.8A,E.66A,E.87,WY
21/04/2025 07:00,29.9999980927,30.0004196167,30.4433822632,37.218914032,14.9999961853,34.9057388306
21/04/2025 08:00,29.3500728607,30.0000324249,30.4150905609,37.0217781067,14.669667244,34.7515068054
21/04/2025 09:00,28.7084827423,29.9979000092,30.388967514,36.8345184326,14.3466110229,34.6042518616
21/04/2025 10:00,28.0802059174,29.9913330078,30.3643913269,36.6571846008,14.0306682587,34.4654350281
21/04/2025 11:00,27.4626922607,29.9748058319,30.3346405029,36.3409347534,13.7216844559,34.2282295227
21/04/2025 12:00,26.8624477386,29.9442157745,30.3148918152,36.2045555115,13.419506073,34.1074066162
21/04/2025 13:00,26.2732181549,29.8932609558,30.2951717377,36.0773620605,13.1239805222,34.0114631653
21/04/2025 14:00,25.6965866089,29.8175163269,30.2759456635,35.9607391357,12.8349618912,33.9185409546
21/04/2025 15:00,25.132484436,29.7135295868,30.2564716339,35.8610610962,12.5523118973,33.8320007324
21/04/2025 16:00,24.5805587769,29.5790786743,30.23620224,35.767742157,12.2758827209,33.7519569397
21/04/2025 17:00,24.0405979156,29.4137382507,30.214805603,35.6746482849,12.0055446625,33.6751670837
21/04/2025 18:00,23.5124511719,29.2186489105,30.1901874542,35.5838737488,11.7411556244,33.6009292603
21/04/2025 19:00,22.9957866669,28.9949798584,30.1616897583,35.4970283508,11.482591629,33.5296058655
21/04/2025 20:00,22.4904251099,28.7440166473,30.1277217865,35.4140319824,11.2297229767,33.4619369507
21/04/2025 21:00,21.9961395264,28.4668369293,30.0869636536,35.3357582092,10.9824209213,33.3972167969
21/04/2025 22:00,21.5127162933,28.1691493988,30.0382461548,35.2598495483,10.7405662537,33.3357505798
21/04/2025 23:00,21.0398197174,27.8515815735,29.9804058075,35.187587738,10.5040378571,33.2761230469
22/04/2025 00:00,20.5773086548,27.5176010132,29.9122371674,35.1163597107,10.2727155685,33.2173995972
22/04/2025 01:00,20.1249713898,27.172088623,29.8334445953,35.0488548279,10.0464897156,33.1606788635
22/04/2025 02:00,19.6826210022,26.8142662048,29.7430000305,34.9822235107,9.82524681091,33.1047744751
22/04/2025 03:00,19.2499465942,26.4478607178,29.6410751343,34.916431427,9.60887527466,33.0478134155
22/04/2025 04:00,18.8264713287,26.0750617981,29.5265216827,34.8522109985,9.39726638794,32.9913368225
22/04/2025 05:00,18.4124450684,25.694234848,29.3992996216,34.7864875793,9.19032096863,32.9353561401
22/04/2025 06:00,18.0075702667,25.3101596832,29.2589912415,34.7216529846,8.9879322052,32.8762969971
22/04/2025 07:00,17.6115150452,24.9215984344,29.1061038971,34.656452179,8.78999710083,32.8147850037
22/04/2025 08:00,17.2242965698,24.5278911591,28.9402732849,34.5890464783,8.59642314911,32.7508621216
22/04/2025 09:00,16.8455028534,24.13331604,28.7619991302,34.5206222534,8.40711402893,32.6844177246
22/04/2025 10:00,16.475107193,23.7385883331,28.5718212128,34.4503631592,8.22197246552,32.6160583496
22/04/2025 11:00,16.1127967834,23.3444290161,28.3699798584,34.3774032593,8.04090690613,32.5433273315
22/04/2025 12:00,15.7584924698,22.94780159,28.1568202972,34.3023834229,7.86382961273,32.4654312134
22/04/2025 13:00,15.4119710922,22.563249588,27.9326953888,34.222038269,7.69065284729,32.3813285828
22/04/2025 14:00,15.0730829239,22.183719635,27.6995830536,34.1393661499,7.52128648758,32.2912979126
22/04/2025 15:00,14.7416219711,21.804265976,27.4566612244,34.0502510071,7.35565376282,32.1951026917
22/04/2025 16:00,14.4174489975,21.4268856049,27.2048740387,33.9590759277,7.19366693497,32.0934448242
22/04/2025 17:00,14.1004896164,21.0515098572,26.945941925,33.8541183472,7.03524827957,31.961555481
22/04/2025 18:00,13.7904253006,20.678691864,26.6795711517,33.7356910706,6.88031816483,31.8088932037
22/04/2025 19:00,13.4871139526,20.3136959076,26.4060306549,33.6015090942,6.72880029678,31.6317768097
22/04/2025 20:00,13.1910018921,19.9529399872,26.1278476715,33.381477356,6.5806183815,31.1992225647
22/04/2025 21:00,12.900510788,19.5955963135,25.8449039459,32.9626731873,6.43569850922,30.3138866425
22/04/2025 22:00,12.6169471741,19.2444038391,25.5586853027,32.7702331543,6.29397296906,30.4627819061
22/04/2025 23:00,12.339507103,18.9011650085,25.2688064575,32.6590766907,6.1553645134,30.4504928589
23/04/2025 00:00,12.0681838989,18.5599327087,24.9793663025,32.5056343079,6.01981210709,30.2817440033
23/04/2025 01:00,11.8029117584,18.2226314545,24.6857051849,32.3080482483,5.88724374771,30.0341644287
23/04/2025 02:00,11.5434465408,17.8929462433,24.3930473328,32.0768013,5.75759553909,29.7316360474
23/04/2025 03:00,11.289680481,17.5692558289,24.0989074707,31.8150348663,5.63080072403,29.3741283417
23/04/2025 04:00,11.0415773392,17.2481575012,23.8035888672,31.5111961365,5.50679826736,28.9483985901
23/04/2025 05:00,10.7989082336,16.9326114655,23.5077018738,31.1580276489,5.38552904129,28.433719635
23/04/2025 06:00,10.5615615845,16.6237335205,23.2104187012,30.7353858948,5.26692676544,27.7925167084
23/04/2025 07:00,10.3294677734,16.3226394653,22.9123363495,30.2181301117,5.15093803406,26.9758625031
23/04/2025 08:00,10.102517128,16.0227832794,22.615655899,29.5859241486,5.03750371933,25.9068202972
23/04/2025 09:00,9.88044071198,15.7292604446,22.3202590942,28.7395172119,4.92656946182,24.4633979797
23/04/2025 10:00,9.66337966919,15.4409580231,22.0256595612,27.5980873108,4.81807661057,22.4668197632
23/04/2025 11:00,9.45116519928,15.1573905945,21.731344223,26.0348052979,4.71197032928,19.6541748047
23/04/2025 12:00,9.24349212646,14.8778467178,21.4383049011,24.3324146271,4.6082034111,17.2538852692
23/04/2025 13:00,9.04039669037,14.6038503647,21.1467056274,22.0640697479,4.50672149658,13.1004581451
23/04/2025 14:00,8.84145069122,14.3252849579,20.8270530701,17.1553230286,4.40747356415,3.08384871483
23/04/2025 15:00,8.64748287201,14.0681819916,20.544418335,13.5284376144,4.31041479111,0.0
23/04/2025 16:00,8.45818138123,13.8240375519,20.2848777771,11.6821489334,4.21548843384,0.0
23/04/2025 17:00,8.27160167694,13.5735378265,19.9916572571,10.0063076019,4.12265443802,0.0
23/04/2025 18:00,8.08978652954,13.3329849243,19.7047386169,8.6618270874,4.03186511993,0.0
23/04/2025 19:00,7.91203355789,13.0973615646,19.4196243286,7.49973678589,3.94307780266,0.0
23/04/2025 20:00,7.73820495605,12.8661413193,19.1360340118,6.56711006165,3.8562412262,0.0
23/04/2025 21:00,7.56821060181,12.6388549805,18.8554458618,5.85291337967,3.77131915092,0.0
23/04/2025 22:00,7.40198135376,12.4152908325,18.5766353607,5.33331775665,3.68826842308,0.0
23/04/2025 23:00,7.239402771,12.1967172623,18.3022289276,4.97727060318,3.60704445839,0.0
24/04/2025 00:00,7.08044147491,11.980966568,18.0340671539,4.7477889061,3.52761006355,0.0
24/04/2025 01:00,6.9249548912,11.7691316605,17.7698078156,4.60488986969,3.44992566109,0.0
24/04/2025 02:00,6.77290964127,11.5576210022,17.5071029663,4.51962089539,3.37395167351,0.0
24/04/2025 03:00,6.62424612045,11.3489465714,17.2518959045,4.46470403671,3.29964828491,0.0
24/04/2025 04:00,6.47880887985,11.1413898468,17.0011405945,4.4267001152,3.22698426247,0.0
24/04/2025 05:00,6.3365483284,10.9375543594,16.7524738312,4.38919496536,3.15592050552,0.0
24/04/2025 06:00,6.19739770889,10.7368488312,16.5055599213,4.34177494049,3.08641958237,0.0
24/04/2025 07:00,6.06142044067,10.5400047302,16.2601318359,4.29321527481,3.01845049858,0.0
24/04/2025 08:00,5.92844343185,10.3468675613,16.0178222656,4.24433279037,2.95197677612,0.0
24/04/2025 09:00,5.79834032059,10.1569032669,15.7783699036,4.20029449463,2.88696980476,0.0
24/04/2025 10:00,5.67118120193,9.97211933136,15.5406980515,4.15835285187,2.82339215279,0.0
24/04/2025 11:00,5.54535865784,9.79126834869,15.3046350479,4.11011886597,2.76121544838,0.0
24/04/2025 12:00,5.42321252823,9.61258029938,15.0698442459,4.05932617188,2.70040774345,0.0
24/04/2025 13:00,5.30417394638,9.43966197968,14.8362131119,4.01273679733,2.64093923569,0.0
24/04/2025 14:00,5.18776082993,9.26982879639,14.6040039062,3.97044706345,2.58278059959,0.0
24/04/2025 15:00,5.07385253906,9.10317230225,14.3756170273,3.92937779427,2.52590250969,0.0
24/04/2025 16:00,4.96251440048,8.93922710419,14.1501779556,3.89167261124,2.47027683258,0.0
24/04/2025 17:00,4.85357904434,8.77882003784,13.9256029129,3.85461425781,2.41587615013,0.0
24/04/2025 18:00,4.74709272385,8.62065410614,13.7048873901,3.81786894798,2.36267352104,0.0
24/04/2025 19:00,4.64290857315,8.46489238739,13.4862222672,3.78174042702,2.31064295769,0.0
24/04/2025 20:00,4.54105901718,8.31088638306,13.2709264755,3.74781274796,2.25975775719,0.0
24/04/2025 21:00,4.44141674042,8.16119766235,13.0576229095,3.71366834641,2.20999336243,0.0
24/04/2025 22:00,4.34400558472,8.01398277283,12.8440980911,3.67962026596,2.16132473946,0.0
24/04/2025 23:00,4.24868249893,7.87167978287,12.6331806183,3.64647579193,2.113727808,0.0
25/04/2025 00:00,4.15553092957,7.72952795029,12.4260263443,3.61087703705,2.06717920303,0.0
25/04/2025 01:00,4.06440210342,7.59086608887,12.2202787399,3.57019472122,2.02165579796,0.0
25/04/2025 02:00,3.97525691986,7.45295667648,12.0166416168,3.52400779724,1.97713494301,0.0
25/04/2025 03:00,3.88813209534,7.31926822662,11.8146390915,3.47743558884,1.93359458447,0.0
25/04/2025 04:00,3.8028614521,7.18881988525,11.6140089035,3.43356609344,1.89101243019,0.0
25/04/2025 05:00,3.71950650215,7.06239032745,11.416680336,3.38967323303,1.84936869144,0.0
25/04/2025 06:00,3.63791155815,6.93781900406,11.2216281891,3.35068941116,1.80864191055,0.0
25/04/2025 07:00,3.55821037292,6.81856012344,11.0287952423,3.31263113022,1.76881182194,0.0
25/04/2025 08:00,3.48017644882,6.70565128326,10.8362579346,3.26961255074,1.72985899448,0.0
25/04/2025 09:00,3.40389227867,6.59643888474,10.6440114975,3.2277443409,1.69176387787,0.0
25/04/2025 10:00,3.32938218117,6.48961162567,10.4514017105,3.18909335136,1.65450799465,0.0
25/04/2025 11:00,3.25647997856,6.38215446472,10.2593479156,3.15312480927,1.61807215214,0.0
25/04/2025 12:00,3.1851272583,6.28181219101,10.0677042007,3.11800527573,1.58243906498,0.0
25/04/2025 13:00,3.11537003517,6.18427658081,9.87581253052,3.08548140526,1.54759037495,0.0
25/04/2025 14:00,3.04722905159,6.08633708954,9.68399143219,3.05398488045,1.51350927353,0.0
25/04/2025 15:00,2.98080563545,5.98808717728,9.49289989471,3.02116298676,1.4801787138,0.0
25/04/2025 16:00,2.91589665413,5.88984727859,9.30217456818,2.99244713783,1.44758236408,0.0
25/04/2025 17:00,2.85257816315,5.79033327103,9.11145496368,2.96222448349,1.41570353508,0.0
25/04/2025 18:00,2.79215121269,5.70205307007,8.94466686249,3.12926316261,1.38452672958,0.0
25/04/2025 19:00,2.72919678688,5.5922369957,8.72585105896,2.89365887642,1.3540365696,0.0
25/04/2025 20:00,2.67307496071,5.51006269455,8.56075763702,3.0459113121,1.32421815395,0.0
25/04/2025 21:00,2.6131696701,5.4016752243,8.34703445435,2.80482769012,1.29505598545,0.0
25/04/2025 22:00,2.56002402306,5.32268619537,8.18200778961,2.94916367531,1.26653647423,0.0
25/04/2025 23:00,2.50451493263,5.22749710083,7.99220895767,2.91126918793,1.23864459991,0.0
26/04/2025 00:00,2.45175647736,5.13649559021,7.80369949341,2.86424231529,1.21136701107,0.0
26/04/2025 01:00,2.40044116974,5.04686737061,7.61690330505,2.81016850471,1.18469023705,0.0
26/04/2025 02:00,2.35063028336,4.96020412445,7.43197393417,2.75155377388,1.15860104561,0.0
26/04/2025 03:00,2.30230903625,4.87516450882,7.2493686676,2.69401240349,1.13308620453,0.0
26/04/2025 04:00,2.25546884537,4.79116487503,7.06899929047,2.64314436913,1.10813343525,0.0
26/04/2025 05:00,2.21011710167,4.70855236053,6.89047288895,2.59628176689,1.08372986317,0.0
26/04/2025 06:00,2.16620659828,4.62739276886,6.7143073082,2.55440378189,1.05986428261,0.0
26/04/2025 07:00,2.12380480766,4.54685592651,6.54122018814,2.51944708824,1.03652381897,0.0
26/04/2025 08:00,2.08275198936,4.46818065643,6.37027406693,2.48955798149,1.01369726658,0.0
26/04/2025 09:00,2.04296827316,4.3907752037,6.20260477066,2.46339941025,0.991373717785,0.0
26/04/2025 10:00,2.00459647179,4.31589651108,6.03809165955,2.43800115585,0.969541430473,0.0
26/04/2025 11:00,1.96745717525,4.24145078659,5.87688589096,2.41267204285,0.948190271854,0.0
26/04/2025 12:00,1.9316008091,4.16772174835,5.71922969818,2.39059662819,0.92730909586,0.0
26/04/2025 13:00,1.89704465866,4.09562063217,5.56509923935,2.36902475357,0.906887888908,0.0
26/04/2025 14:00,1.86372697353,4.02479219437,5.4142780304,2.34933972359,0.886916577816,0.0
26/04/2025 15:00,1.83159673214,3.95561051369,5.26714611053,2.33040428162,0.867384791374,0.0
26/04/2025 16:00,1.80065202713,3.88740968704,5.12374639511,2.31186771393,0.848283052444,0.0
26/04/2025 17:00,1.77086651325,3.81991648674,4.98407316208,2.29472947121,0.829602181911,0.0
26/04/2025 18:00,1.74215769768,3.75462651253,4.84795856476,2.27782535553,0.811332702637,0.0
26/04/2025 19:00,1.71453034878,3.69171357155,4.71554660797,2.26076364517,0.793465673923,0.0
26/04/2025 20:00,1.68793046474,3.63017559052,4.58690881729,2.24419641495,0.775991857052,0.0
26/04/2025 21:00,1.66232097149,3.56847023964,4.46173477173,2.22822141647,0.758902907372,0.0
26/04/2025 22:00,1.63771390915,3.50825786591,4.34055042267,2.21128416061,0.742190361023,0.0
26/04/2025 23:00,1.61349976063,3.44949388504,4.2229180336,2.19502329826,0.725845873356,0.0
27/04/2025 00:00,1.59055948257,3.3921482563,4.10890340805,2.178429842,0.709860980511,0.0
27/04/2025 01:00,1.5688136816,3.33611297607,3.99849510193,2.16313505173,0.694228410721,0.0
27/04/2025 02:00,1.54801905155,3.28140568733,3.8921046257,2.14746665955,0.678940117359,0.0
27/04/2025 03:00,1.52816319466,3.22794103622,3.78901457787,2.13329553604,0.663988530636,0.0
27/04/2025 04:00,1.50924694538,3.17569375038,3.68975663185,2.11862015724,0.64936631918,0.0
27/04/2025 05:00,1.49131095409,3.12505412102,3.59382200241,2.10328292847,0.635065734386,0.0
27/04/2025 06:00,1.47430956364,3.07542419434,3.50168323517,2.08863067627,0.621080338955,0.0
27/04/2025 07:00,1.45830786228,3.02709269524,3.41278839111,2.0733397007,0.607402980328,0.0
27/04/2025 08:00,1.44372355938,2.98001527786,3.3271882534,2.05625677109,0.594038069248,0.0
27/04/2025 09:00,1.43070554733,2.93406939507,3.24450874329,2.03718018532,0.581002652645,0.0
27/04/2025 10:00,1.41935646534,2.88915467262,3.16521644592,2.01857662201,0.568314194679,0.0
27/04/2025 11:00,1.40985786915,2.84534955025,3.08937263489,1.99957895279,0.555992364883,0.0
27/04/2025 12:00,1.40232825279,2.80267906189,3.01672530174,1.98180902004,0.54405850172,0.0
27/04/2025 13:00,1.39700257778,2.76097774506,2.94648241997,1.96459186077,0.532538712025,0.0
27/04/2025 14:00,1.39405226707,2.71971392632,2.87948846817,1.94650042057,0.521461129189,0.0
27/04/2025 15:00,1.39378881454,2.68110942841,2.81501913071,1.92919540405,0.510859847069,0.0
27/04/2025 16:00,1.39643192291,2.64232301712,2.75324225426,1.91498422623,0.500773668289,0.0
27/04/2025 17:00,1.40231800079,2.60494232178,2.69451546669,1.90037608147,0.491247355938,0.0
27/04/2025 18:00,1.41179728508,2.5686621666,2.63793730736,1.88603436947,0.482331782579,0.0
27/04/2025 19:00,1.42521119118,2.53370308876,2.58360147476,1.87078607082,0.474084496498,0.0
27/04/2025 20:00,1.44293129444,2.5000243187,2.53111982346,1.85303580761,0.46656781435,0.0
27/04/2025 21:00,1.46531379223,2.46741485596,2.48167490959,1.83711397648,0.45984852314,0.0
27/04/2025 22:00,1.49271130562,2.43586969376,2.43409466743,1.8229752779,0.453997939825,0.0
27/04/2025 23:00,1.52552187443,2.40551137924,2.38778352737,1.80913615227,0.449090361595,0.0
28/04/2025 00:00,1.56407356262,2.37637615204,2.34383654594,1.79580140114,0.44520303607,0.0
28/04/2025 01:00,1.60873234272,2.34885334969,2.30154633522,1.78292942047,0.442414671183,0.0
28/04/2025 02:00,1.65985059738,2.32328557968,2.26130819321,1.77052438259,0.440806001425,0.0
28/04/2025 03:00,1.71776437759,2.29944419861,2.22230267525,1.75805544853,0.44045856595,0.0
28/04/2025 04:00,1.78279793262,2.27640175819,2.18541741371,1.74598932266,0.44145360589,0.0
28/04/2025 05:00,1.85529029369,2.25299739838,2.15032196045,1.73490130901,0.443874388933,0.0
28/04/2025 06:00,1.93560135365,2.22913908958,2.11823129654,1.72365248203,0.447804778814,0.0
28/04/2025 07:00,2.02410054207,2.20438432693,2.08696508408,1.71183025837,0.45332968235,0.0
28/04/2025 08:00,2.11929035187,2.18044734001,2.05694770813,1.70064401627,0.460102796555,0.0
28/04/2025 09:00,2.22138571739,2.15690302849,2.02860593796,1.6897008419,0.468180179596,0.0
28/04/2025 10:00,2.33063197136,2.1336684227,2.00141334534,1.67803275585,0.477607429028,0.0
28/04/2025 11:00,2.44718527794,2.11065244675,1.97503435612,1.66551089287,0.488417059183,0.0
28/04/2025 12:00,2.57120871544,2.08839273453,1.94971859455,1.65376782417,0.500629544258,0.0
28/04/2025 13:00,2.70276117325,2.06681990623,1.92510223389,1.6422393322,0.514253377914,0.0
28/04/2025 14:00,2.84188914299,2.04623627663,1.90102565289,1.63024497032,0.529283344746,0.0
28/04/2025 15:00,2.98862981796,2.02669239044,1.87746191025,1.61873090267,0.545700907707,0.0
28/04/2025 16:00,3.14285778999,2.00835156441,1.85413622856,1.60667717457,0.563473165035,0.0
28/04/2025 17:00,3.30606579781,1.98916769028,1.84883654118,1.50107705593,0.582553863525,0.0
28/04/2025 18:00,3.47359490395,1.975299716,1.8315321207,1.4978736639,0.602892994881,0.0
28/04/2025 19:00,3.6487891674,1.96196699142,1.80983614922,1.49298751354,0.624450623989,0.0
28/04/2025 20:00,3.83130717278,1.94994950294,1.78471207619,1.49243497849,0.647198677063,0.0
28/04/2025 21:00,4.02192401886,1.93979108334,1.75841903687,1.49616479874,0.671119868755,0.0
28/04/2025 22:00,4.21968793869,1.93185007572,1.73252856731,1.49915087223,0.696209728718,0.0
28/04/2025 23:00,4.42486333847,1.92598521709,1.70851516724,1.49791145325,0.722476482391,0.0
29/04/2025 00:00,4.63769435883,1.92226004601,1.68613398075,1.49139869213,0.749942660332,0.0
29/04/2025 01:00,4.85850000381,1.92098796368,1.66525220871,1.48227345943,0.778643727303,0.0
29/04/2025 02:00,5.08757686615,1.9224448204,1.6457477808,1.47014796734,0.808631002903,0.0
29/04/2025 03:00,5.32533788681,1.92684268951,1.62767875195,1.45661258698,0.83996784687,0.0
29/04/2025 04:00,5.57217979431,1.93428552151,1.61051988602,1.44221055508,0.872719049454,0.0
29/04/2025 05:00,5.82853412628,1.94519507885,1.59447956085,1.42724537849,0.906947314739,0.0
29/04/2025 06:00,6.09477758408,1.95972788334,1.57948684692,1.41158366203,0.942712903023,0.0
29/04/2025 07:00,6.37123727798,1.97804510593,1.56559514999,1.39513325691,0.980072438717,0.0
29/04/2025 08:00,6.65890836716,2.00074386597,1.55264782906,1.37847208977,1.01925849915,0.0
29/04/2025 09:00,6.95639038086,2.02731800079,1.54166150093,1.36231613159,1.06032979488,0.0
29/04/2025 10:00,7.26887464523,2.05951476097,1.53145945072,1.34852027893,1.10334527493,0.0
29/04/2025 11:00,7.59176921844,2.09625506401,1.52333521843,1.33399355412,1.14836287498,0.0
29/04/2025 12:00,7.9275841713,2.13796663284,1.51672136784,1.3197876215,1.19543790817,0.0
29/04/2025 13:00,8.27604007721,2.18556380272,1.51218926907,1.30545032024,1.24462425709,0.0
29/04/2025 14:00,8.63750171661,2.24409937859,1.5093729496,1.29031336308,1.29597520828,0.0
29/04/2025 15:00,9.01184463501,2.32542133331,1.50888431072,1.27396309376,1.34954178333,0.0
29/04/2025 16:00,9.39926815033,2.42888355255,1.51024186611,1.25651609898,1.40537416935,0.0
29/04/2025 17:00,9.79996395111,2.5401289463,1.51421737671,1.24052917957,1.46351742744,0.0
29/04/2025 18:00,10.2140254974,2.65963244438,1.52033555508,1.22487211227,1.52400839329,0.0
29/04/2025 19:00,10.6400184631,2.78790402412,1.52974438667,1.2098120451,1.5868691206,0.0
29/04/2025 20:00,11.0791883469,2.92562150955,1.5425055027,1.19508945942,1.65210735798,0.0
29/04/2025 21:00,11.5306329727,3.07218122482,1.55915117264,1.18086957932,1.71971404552,0.0
29/04/2025 22:00,11.9970016479,3.23056769371,1.57922208309,1.16630125046,1.78966593742,0.0
29/04/2025 23:00,12.4752616882,3.39752984047,1.60445272923,1.15152490139,1.86192405224,0.0
30/04/2025 00:00,12.9660806656,3.57238745689,1.63469028473,1.13700067997,1.93643403053,0.0
30/04/2025 01:00,13.4688673019,3.76743268967,1.6701220274,1.12245535851,2.0131251812,0.0
30/04/2025 02:00,13.9828557968,3.97869539261,1.71161794662,1.10759007931,2.09191203117,0.0
30/04/2025 03:00,14.5076608658,4.20640659332,1.75891149044,1.09299504757,2.17269229889,0.0
30/04/2025 04:00,15.0423049927,4.46182918549,1.81313288212,1.07779622078,2.25535511971,0.0
30/04/2025 05:00,15.5886993408,4.72822189331,1.87627911568,1.06360268593,2.33977985382,0.0
30/04/2025 06:00,16.1411705017,5.01523923874,1.94979679585,1.04863893986,2.42583751678,0.0
30/04/2025 07:00,29.9999980927,30.0004196167,30.4433822632,37.218914032,14.9999961853,34.9057388306
30/04/2025 08:00,29.3500728607,30.0000324249,30.4150905609,37.0217781067,14.669667244,34.7515068054
30/04/2025 09:00,28.7084827423,29.9979000092,30.388967514,36.8345184326,14.3466110229,34.6042518616
30/04/2025 10:00,28.0802288055,29.9913330078,30.3643913269,36.6571846008,14.0306682587,34.4654350281
30/04/2025 11:00,27.4627418518,29.9748687744,30.3346405029,36.3409347534,13.7216844559,34.2282295227
30/04/2025 12:00,26.8625392914,29.9441776276,30.3148918152,36.2045555115,13.419506073,34.1074066162
30/04/2025 13:00,26.2733860016,29.8932533264,30.2951717377,36.0773620605,13.1239805222,34.0114631653
30/04/2025 14:00,25.6968250275,29.8175163269,30.2759399414,35.9607391357,12.8349618912,33.9185409546
30/04/2025 15:00,25.1328353882,29.7134838104,30.2564849854,35.8610610962,12.5523118973,33.8320007324
30/04/2025 16:00,24.5810775757,29.5790977478,30.2362194061,35.767742157,12.2758827209,33.7519569397
30/04/2025 17:00,24.0413131714,29.4137992859,30.2147884369,35.6746482849,12.0055446625,33.6751670837
30/04/2025 18:00,23.5134067535,29.2186336517,30.1901721954,35.5838737488,11.7411556244,33.6009292603
30/04/2025 19:00,22.9970855713,28.9950351715,30.1617240906,35.4970321655,11.482591629,33.5296058655
30/04/2025 20:00,22.492099762,28.7440395355,30.1277008057,35.4140319824,11.2297229767,33.461933136
30/04/2025 21:00,21.9982967377,28.467042923,30.0869617462,35.3357467651,10.9824209213,33.3971748352
30/04/2025 22:00,21.5154056549,28.1692466736,30.0382633209,35.2598381042,10.7405662537,33.3357086182
30/04/2025 23:00,21.0431900024,27.8517456055,29.9803962708,35.1875839233,10.5040378571,33.2761573792
01/05/2025 00:00,20.5814571381,27.5178050995,29.9122409821,35.1164627075,10.2727155685,33.2174835205
01/05/2025 01:00,20.1300373077,27.172410965,29.8334293365,35.0488052368,10.0464897156,33.1607170105
01/05/2025 02:00,19.6887359619,26.8147277832,29.743139267,34.9822387695,9.82524681091,33.1047401428
01/05/2025 03:00,19.2572612762,26.4485225677,29.6409015656,34.9164009094,9.60887527466,33.0479011536
01/05/2025 04:00,18.8351554871,26.0757751465,29.5265865326,34.8521995544,9.39726638794,32.9912605286
01/05/2025 05:00,18.4226951599,25.6950454712,29.3993377686,34.7864379883,9.19032096863,32.9352912903
01/05/2025 06:00,18.0195446014,25.3112449646,29.2592010498,34.7217483521,8.9879322052,32.876285553
01/05/2025 07:00,17.6254463196,24.9230060577,29.1061267853,34.6564407349,8.78999710083,32.8148078918
01/05/2025 08:00,17.2403926849,24.5295276642,28.9405155182,34.589050293,8.59642314911,32.7509269714
01/05/2025 09:00,16.8640213013,24.1353187561,28.7621974945,34.5205230713,8.40711402893,32.6841583252
01/05/2025 10:00,16.4962596893,23.7409477234,28.5720710754,34.450340271,8.22197246552,32.6165428162
01/05/2025 11:00,16.1368484497,23.3471984863,28.3702354431,34.377494812,8.04090690613,32.5432853699
01/05/2025 12:00,15.7857847214,22.9510650635,28.1571235657,34.3023872375,7.86382961273,32.4653167725
01/05/2025 13:00,15.4427318573,22.5671958923,27.9331283569,34.2220726013,7.69065284729,32.3812980652
01/05/2025 14:00,15.1076602936,22.1884593964,27.7000923157,34.1393737793,7.52128648758,32.2914123535
01/05/2025 15:00,14.7803087234,21.8098621368,27.4571418762,34.0501785278,7.35565376282,32.1949882507
01/05/2025 16:00,14.4606466293,21.4333362579,27.205657959,33.9591636658,7.19366693497,32.0933799744
01/05/2025 17:00,14.1485128403,21.0590953827,26.9467906952,33.8539924622,7.03524827957,31.9613304138
01/05/2025 18:00,13.8436794281,20.6868152618,26.6806964874,33.7355041504,6.88031816483,31.8091926575
01/05/2025 19:00,13.5458936691,20.3235912323,26.4075050354,33.6017150879,6.72880029678,31.6318016052
01/05/2025 20:00,13.2557401657,19.9638404846,26.1293869019,33.381690979,6.5806183815,31.1997146606
01/05/2025 21:00,12.9717702866,19.6077728271,25.8468151093,32.962638855,6.43569850922,30.3138751984
01/05/2025 22:00,12.6951961517,19.2581882477,25.5607395172,32.7703590393,6.29397296906,30.4630851746
01/05/2025 23:00,12.4251537323,18.9165439606,25.2714996338,32.6595573425,6.1553645134,30.4506759644
02/05/2025 00:00,12.161863327,18.5771579742,24.9822978973,32.5056343079,6.01981210709,30.2819271088
02/05/2025 01:00,11.905043602,18.2420101166,24.6891078949,32.3080101013,5.88724374771,30.0345954895
02/05/2025 02:00,11.654630661,17.9143981934,24.3969306946,32.0771713257,5.75759553909,29.7320632935
02/05/2025 03:00,11.4105348587,17.593296051,24.1033744812,31.8152313232,5.63080072403,29.3746528625
02/05/2025 04:00,11.1726531982,17.2732810974,23.8086948395,31.5118522644,5.50679826736,28.949048996
02/05/2025 05:00,10.9408302307,16.9618148804,23.5132274628,31.1581058502,5.38552904129,28.4341392517
02/05/2025 06:00,10.7150382996,16.6556072235,23.2165966034,30.7357769012,5.26692676544,27.7930870056
02/05/2025 07:00,10.4951820374,16.3572769165,22.9192619324,30.2186565399,5.15093803406,26.9767036438
02/05/2025 08:00,10.2809247971,16.0612258911,22.6233730316,29.5864181519,5.03750371933,25.9076461792
02/05/2025 09:00,10.0723514557,15.7707538605,22.328956604,28.7404289246,4.92656946182,24.4643249512
02/05/2025 10:00,9.86919689178,15.4861001968,22.0353736877,27.5987224579,4.81807661057,22.4678497314
02/05/2025 11:00,9.67145633698,15.2072267532,21.7418727875,26.0358009338,4.71197032928,19.6552810669
02/05/2025 12:00,9.47911262512,14.9315090179,21.4502162933,24.3331127167,4.6082034111,17.2552051544
02/05/2025 13:00,9.29183101654,14.6620168686,21.1598911285,22.0652961731,4.50672149658,13.1016759872
02/05/2025 14:00,9.10887908936,14.3883533478,20.8415813446,17.1558227539,4.40747356415,3.08392500877
02/05/2025 15:00,8.93280220032,14.1358356476,20.5602760315,13.5291919708,4.31041479111,0.0
02/05/2025 16:00,8.76079750061,13.8949337006,20.3023357391,11.6824541092,4.21548843384,0.0
02/05/2025 17:00,8.59251117706,13.6487092972,20.0107727051,10.0064382553,4.12265443802,0.0
02/05/2025 18:00,8.42952728271,13.4149103165,19.7258415222,8.66201496124,4.03186511993,0.0
02/05/2025 19:00,8.27105331421,13.1859607697,19.4418983459,7.49999094009,3.94307780266,0.0
02/05/2025 20:00,8.11708259583,12.9618911743,19.1611843109,6.5675573349,3.8562412262,0.0
02/05/2025 21:00,7.96743249893,12.7422714233,18.8824443817,5.85290193558,3.77131915092,0.0
02/05/2025 22:00,7.82209920883,12.5259809494,18.6059379578,5.33342885971,3.68826842308,0.0
02/05/2025 23:00,7.68086194992,12.3157444,18.333480835,4.97733831406,3.60704445839,0.0
03/05/2025 00:00,7.54376077652,12.1090040207,18.067276001,4.74744176865,3.52761006355,0.0
03/05/2025 01:00,7.41056919098,11.9034786224,17.8053646088,4.60513210297,3.44992566109,0.0
03/05/2025 02:00,7.28139972687,11.7021141052,17.5453395844,4.51973628998,3.37395167351,0.0
03/05/2025 03:00,7.1560049057,11.5028448105,17.2920742035,4.46466636658,3.29964828491,0.0
03/05/2025 04:00,7.03437042236,11.3044424057,17.0443286896,4.42704772949,3.22698426247,0.0
03/05/2025 05:00,6.91647052765,11.1113796234,16.7991352081,4.38864850998,3.15592050552,0.0
03/05/2025 06:00,6.80215358734,10.9209423065,16.5559406281,4.34185409546,3.08641958237,0.0
03/05/2025 07:00,6.69141674042,10.7345666885,16.3140087128,4.2930855751,3.01845049858,0.0
03/05/2025 08:00,6.58401441574,10.5518512726,16.0756950378,4.24431610107,2.95197677612,0.0
03/05/2025 09:00,6.48008203506,10.3730735779,15.8402042389,4.20040225983,2.88696980476,0.0
03/05/2025 10:00,6.37938022614,10.1978359222,15.6068000793,4.15836000443,2.82339215279,0.0
03/05/2025 11:00,6.28194665909,10.0279245377,15.3757734299,4.10996866226,2.76121544838,0.0
03/05/2025 12:00,6.18762731552,9.8625202179,15.1456575394,4.05975580215,2.70040774345,0.0
03/05/2025 13:00,6.09626865387,9.69875240326,14.9177532196,4.01287841797,2.64093923569,0.0
03/05/2025 14:00,6.0079202652,9.54173374176,14.6905384064,3.9701769352,2.58278059959,0.0
03/05/2025 15:00,5.92113447189,9.38858222961,14.4674844742,3.92957210541,2.52590250969,0.0
03/05/2025 16:00,5.83811759949,9.23865509033,14.2471971512,3.89143633842,2.47027683258,0.0
03/05/2025 17:00,5.75787162781,9.0909538269,14.0286922455,3.85487532616,2.41587615013,0.0
03/05/2025 18:00,5.68024396896,8.94895172119,13.8136491776,3.81749510765,2.36267352104,0.0
03/05/2025 19:00,5.60499382019,8.80964565277,13.6019268036,3.78183817863,2.31064295769,0.0
03/05/2025 20:00,5.53216695786,8.6727809906,13.3914289474,3.74780106544,2.25975775719,0.0
03/05/2025 21:00,5.46160078049,8.53866004944,13.185631752,3.71357321739,2.20999336243,0.0
03/05/2025 22:00,5.39317083359,8.40591716766,12.9800233841,3.67964553833,2.16132473946,0.0
03/05/2025 23:00,5.32684135437,8.27811527252,12.7764167786,3.64671397209,2.113727808,0.0
04/05/2025 00:00,5.26247119904,8.15296077728,12.5743055344,3.61071419716,2.06717920303,0.0
04/05/2025 01:00,5.19995689392,8.03198623657,12.3764896393,3.57026791573,2.02165579796,0.0
04/05/2025 02:00,5.13922166824,7.91305065155,12.1797904968,3.52433109283,1.97713494301,0.0
04/05/2025 03:00,5.08017301559,7.79616594315,11.9838542938,3.47766399384,1.93359458447,0.0
04/05/2025 04:00,5.02265930176,7.68286943436,11.7901716232,3.43328046799,1.89101243019,0.0
04/05/2025 05:00,4.9666352272,7.56961488724,11.5992612839,3.38981795311,1.84936869144,0.0
04/05/2025 06:00,4.91199207306,7.46092510223,11.4107694626,3.35056638718,1.80864191055,0.0
04/05/2025 07:00,4.85859966278,7.35404109955,11.2249202728,3.31269955635,1.76881182194,0.0
04/05/2025 08:00,4.80663490295,7.25057315826,11.0407333374,3.2693259716,1.72985899448,0.0
04/05/2025 09:00,4.75609350204,7.15074110031,10.8583307266,3.22797179222,1.69176387787,0.0
04/05/2025 10:00,4.70681810379,7.05297040939,10.6764879227,3.18899822235,1.65450799465,0.0
04/05/2025 11:00,4.65883731842,6.95772218704,10.4946746826,3.15301251411,1.61807215214,0.0
04/05/2025 12:00,4.61211156845,6.86580514908,10.3131599426,3.11826729774,1.58243906498,0.0
04/05/2025 13:00,4.56662559509,6.77707242966,10.1323566437,3.08558130264,1.54759037495,0.0
04/05/2025 14:00,4.52239704132,6.6922750473,9.95198154449,3.05375528336,1.51350927353,0.0
04/05/2025 15:00,4.47951602936,6.61148071289,9.77179431915,3.02141022682,1.4801787138,0.0
04/05/2025 16:00,4.43787908554,6.53273391724,9.59237670898,2.99220514297,1.44758236408,0.0
04/05/2025 17:00,4.39767742157,6.45611858368,9.413646698,2.96232247353,1.41570353508,0.0
04/05/2025 18:00,4.35981798172,6.38713884354,9.25628566742,3.12902092934,1.38452672958,0.0
04/05/2025 19:00,4.32085990906,6.30113887787,9.05297279358,2.89371991158,1.3540365696,0.0
04/05/2025 20:00,4.28689908981,6.24112176895,8.89639377594,3.04615688324,1.32421815395,0.0
04/05/2025 21:00,4.25124883652,6.16227388382,8.69685840607,2.80459594727,1.29505598545,0.0
04/05/2025 22:00,4.22059011459,6.10292768478,8.54117679596,2.94891524315,1.26653647423,0.0
04/05/2025 23:00,4.18932342529,6.03155469894,8.36428356171,2.91112685204,1.23864459991,0.0
05/05/2025 00:00,4.16055965424,5.96337747574,8.18896770477,2.86432647705,1.21136701107,0.0
05/05/2025 01:00,4.13365745544,5.89599561691,8.01526355743,2.81050348282,1.18469023705,0.0
05/05/2025 02:00,4.10863256454,5.82954740524,7.84365177155,2.75136160851,1.15860104561,0.0
05/05/2025 03:00,4.08554077148,5.76423931122,7.6749329567,2.69407343864,1.13308620453,0.0
05/05/2025 04:00,4.06431818008,5.70106554031,7.50864982605,2.64295864105,1.10813343525,0.0
05/05/2025 05:00,4.04511117935,5.63878774643,7.34520673752,2.59653377533,1.08372986317,0.0
05/05/2025 06:00,4.02790355682,5.57723808289,7.18445777893,2.5543487072,1.05986428261,0.0
05/05/2025 07:00,4.01274585724,5.51707649231,7.02653503418,2.51961731911,1.03652381897,0.0
05/05/2025 08:00,3.99925041199,5.45817089081,6.87145423889,2.48961400986,1.01369726658,0.0
05/05/2025 09:00,3.9873456955,5.40131616592,6.71974897385,2.46355772018,0.991373717785,0.0
05/05/2025 10:00,3.97711753845,5.34598779678,6.57089185715,2.43774294853,0.969541430473,0.0
05/05/2025 11:00,3.96856880188,5.29182291031,6.42527246475,2.41283798218,0.948190271854,0.0
05/05/2025 12:00,3.96159243584,5.2393693924,6.28322696686,2.39028906822,0.92730909586,0.0
05/05/2025 13:00,3.95636367798,5.18810033798,6.14468336105,2.36883354187,0.906887888908,0.0
05/05/2025 14:00,3.9527888298,5.13849782944,6.00968503952,2.34946131706,0.886916577816,0.0
05/05/2025 15:00,3.9508638382,5.08979845047,5.87822294235,2.33040595055,0.867384791374,0.0
05/05/2025 16:00,3.95048046112,5.04285764694,5.75102043152,2.31171369553,0.848283052444,0.0
05/05/2025 17:00,3.95165014267,4.99735355377,5.62748146057,2.29482698441,0.829602181911,0.0
05/05/2025 18:00,3.95425510406,4.95312833786,5.50788021088,2.27769637108,0.811332702637,0.0
05/05/2025 19:00,3.95830512047,4.91029882431,5.39293766022,2.26112556458,0.793465673923,0.0
05/05/2025 20:00,3.96376752853,4.86863851547,5.28199529648,2.2441804409,0.775991857052,0.0
05/05/2025 21:00,3.97062587738,4.82826137543,5.17511129379,2.22829294205,0.758902907372,0.0
05/05/2025 22:00,3.97891783714,4.78923654556,5.07300853729,2.21124601364,0.742190361023,0.0
05/05/2025 23:00,3.98862886429,4.75126457214,4.97495555878,2.19501471519,0.725845873356,0.0
06/05/2025 00:00,3.99982857704,4.71457290649,4.88089609146,2.17831683159,0.709860980511,0.0
06/05/2025 01:00,4.01253128052,4.67911529541,4.79119825363,2.16353607178,0.694228410721,0.0
06/05/2025 02:00,4.02682876587,4.64458370209,4.70606422424,2.14786243439,0.678940117359,0.0
06/05/2025 03:00,4.04277229309,4.61173820496,4.6246304512,2.13292837143,0.663988530636,0.0
06/05/2025 04:00,4.06038236618,4.58020591736,4.54728746414,2.11849069595,0.64936631918,0.0
06/05/2025 05:00,4.07976102829,4.55008649826,4.47396469116,2.10309004784,0.635065734386,0.0
06/05/2025 06:00,4.10090923309,4.52129745483,4.40365886688,2.08861422539,0.621080338955,0.0
06/05/2025 07:00,4.12390565872,4.4940071106,4.33678340912,2.07360315323,0.607402980328,0.0
06/05/2025 08:00,4.1492357254,4.46843481064,4.27327156067,2.05595993996,0.594030380249,0.0
06/05/2025 09:00,4.17696666718,4.44399738312,4.21234369278,2.0372338295,0.580963015556,0.0
06/05/2025 10:00,4.20715427399,4.42068624496,4.15462446213,2.01897358894,0.568202614784,0.0
06/05/2025 11:00,4.23983478546,4.39874792099,4.09965610504,1.99917781353,0.55575054884,0.0
06/05/2025 12:00,4.27503967285,4.37810373306,4.04693317413,1.98156964779,0.543609678745,0.0
06/05/2025 13:00,4.31284761429,4.35879898071,3.99648451805,1.96465885639,0.531783998013,0.0
06/05/2025 14:00,4.35333347321,4.34093523026,3.94865322113,1.94686722755,0.520278334618,0.0
06/05/2025 15:00,4.39651727676,4.32440900803,3.9032497406,1.92897999287,0.509099662304,0.0
06/05/2025 16:00,4.44254255295,4.30956220627,3.85991549492,1.91530919075,0.498256623745,0.0
06/05/2025 17:00,4.49146223068,4.29604768753,3.81810474396,1.90041875839,0.487759590149,0.0
06/05/2025 18:00,4.54336023331,4.28384447098,3.77889227867,1.88639688492,0.477620989084,0.0
06/05/2025 19:00,4.59832620621,4.27307271957,3.74128341675,1.87075066566,0.467855960131,0.0
06/05/2025 20:00,4.65635967255,4.2637090683,3.70555090904,1.8532012701,0.458480507135,0.0
06/05/2025 21:00,4.71746635437,4.25592279434,3.67237925529,1.83793711662,0.44951286912,0.0
06/05/2025 22:00,4.78149557114,4.24976491928,3.64052963257,1.82339262962,0.440972477198,0.0
06/05/2025 23:00,4.84875965118,4.24494123459,3.6101474762,1.80971431732,0.432879835367,0.0
07/05/2025 00:00,4.91886138916,4.24206447601,3.58155536652,1.79666244984,0.425256937742,0.0
07/05/2025 01:00,4.99187517166,4.240650177,3.55433392525,1.78385472298,0.418125897646,0.0
07/05/2025 02:00,5.06759023666,4.24100828171,3.53001618385,1.77219283581,0.411509662867,0.0
07/05/2025 03:00,5.14591407776,4.2430472374,3.50613260269,1.75994539261,0.405431747437,0.0
07/05/2025 04:00,5.22667121887,4.24694538116,3.48436260223,1.74802625179,0.399915635586,0.0
07/05/2025 05:00,5.30968809128,4.25255918503,3.46399521828,1.7375459671,0.394985944033,0.0
07/05/2025 06:00,5.39489603043,4.26016902924,3.44588208199,1.72650253773,0.390666782856,0.0
07/05/2025 07:00,5.48212385178,4.26956415176,3.42891192436,1.71591639519,0.386983335018,0.0
07/05/2025 08:00,5.57057952881,4.28094244003,3.41346740723,1.70505237579,0.383792877197,0.0
07/05/2025 09:00,5.66017913818,4.29426145554,3.39930200577,1.69407880306,0.381109833717,0.0
07/05/2025 10:00,5.75080633163,4.30981683731,3.38638234138,1.6839915514,0.378944456577,0.0
07/05/2025 11:00,5.84232997894,4.32732391357,3.37522315979,1.67220592499,0.377302080393,0.0
07/05/2025 12:00,5.93473052979,4.34693050385,3.36547398567,1.66142094135,0.376183539629,0.0
07/05/2025 13:00,6.02788543701,4.36891555786,3.35752224922,1.65091669559,0.375584959984,0.0
07/05/2025 14:00,6.12170362473,4.39315271378,3.35129570961,1.63981604576,0.375496029854,0.0
07/05/2025 15:00,6.21616792679,4.42003202438,3.34647965431,1.62931156158,0.375902950764,0.0
07/05/2025 16:00,6.31125545502,4.44927024841,3.34259080887,1.61870849133,0.376785010099,0.0
07/05/2025 17:00,6.40679597855,4.48092079163,3.34120965004,1.60918724537,0.378116756678,0.0
07/05/2025 18:00,6.50275087357,4.51466464996,3.34164094925,1.59883379936,0.379871547222,0.0
07/05/2025 19:00,6.59909677505,4.55092000961,3.34326052666,1.58791303635,0.382026463747,0.0
07/05/2025 20:00,6.69579124451,4.58942270279,3.34613418579,1.57752132416,0.38456338644,0.0
07/05/2025 21:00,6.79284763336,4.63027477264,3.35067272186,1.56741654873,0.387467831373,0.0
07/05/2025 22:00,6.89031362534,4.67390394211,3.35697054863,1.55655324459,0.390731334686,0.0
07/05/2025 23:00,6.9881734848,4.71996498108,3.36468076706,1.54500806332,0.394349098206,0.0
08/05/2025 00:00,7.08660411835,4.76811647415,3.37462854385,1.53139138222,0.39832252264,0.0
08/05/2025 01:00,7.18564558029,4.81843137741,3.38676548004,1.51658391953,0.402658104897,0.0
08/05/2025 02:00,7.28547334671,4.87135744095,3.40060520172,1.50210654736,0.407367497683,0.0
08/05/2025 03:00,7.38635969162,4.92669868469,3.41532874107,1.48724877834,0.412467330694,0.0
08/05/2025 04:00,7.48838472366,4.98443746567,3.43269467354,1.47337043285,0.417975246906,0.0
08/05/2025 05:00,7.59182739258,5.04477310181,3.45065569878,1.4581400156,0.423907071352,0.0
08/05/2025 06:00,7.69691705704,5.10751581192,3.47121715546,1.44347143173,0.430277228355,0.0
08/05/2025 07:00,7.80383014679,5.17277097702,3.49409484863,1.42905271053,0.437099605799,0.0
08/05/2025 08:00,7.91264104843,5.24031639099,3.51846766472,1.41455388069,0.444396555424,0.0
08/05/2025 09:00,8.02354335785,5.3099694252,3.54453611374,1.40196919441,0.452178865671,0.0
08/05/2025 10:00,8.13655567169,5.38215637207,3.57331609726,1.38964283466,0.460455596447,0.0
08/05/2025 11:00,8.25178813934,5.45661640167,3.60344362259,1.37824082375,0.46923327446,0.0
08/05/2025 12:00,8.3680562973,5.53290653229,3.63555288315,1.36633372307,0.478515803814,0.0
08/05/2025 13:00,8.48746871948,5.61123895645,3.66905522346,1.35391592979,0.488304644823,0.0
08/05/2025 14:00,8.60858821869,5.69147205353,3.70578503609,1.34108841419,0.498599261045,0.0
08/05/2025 15:00,8.73173904419,5.77472543716,3.74313879013,1.32702088356,0.509397029877,0.0
08/05/2025 16:00,8.85643291473,5.86010026932,3.78193759918,1.31351149082,0.520692884922,0.0
08/05/2025 17:00,8.98240470886,5.94699907303,3.82299470901,1.30149924755,0.532478630543,0.0
08/05/2025 18:00,9.10947132111,6.03650999069,3.86601185799,1.28948628902,0.544742643833,0.0
08/05/2025 19:00,9.2372341156,6.12928915024,3.91090750694,1.27759039402,0.557469666004,0.0
08/05/2025 20:00,9.36564540863,6.22706699371,3.95792651176,1.26693916321,0.570640385151,0.0
08/05/2025 21:00,9.49425029755,6.32981872559,4.00746917725,1.25624096394,0.584231078625,0.0
08/05/2025 22:00,9.62295341492,6.43803501129,4.06063652039,1.24609100819,0.598214507103,0.0
08/05/2025 23:00,9.75157165527,6.54973220825,4.11621856689,1.23572945595,0.612559497356,0.0
09/05/2025 00:00,9.87977409363,6.66516494751,4.17450284958,1.22444832325,0.627230465412,0.0
09/05/2025 01:00,10.0073566437,6.78256034851,4.23529148102,1.21454250813,0.642188310623,0.0
09/05/2025 02:00,10.1340065002,6.90233373642,4.29795408249,1.20466089249,0.657389342785,0.0
09/05/2025 03:00,10.2594556808,7.02204847336,4.36303281784,1.19510090351,0.672786593437,0.0
09/05/2025 04:00,10.3833293915,7.14131402969,4.42994117737,1.18548548222,0.688328325748,0.0
09/05/2025 05:00,10.5053834915,7.26111459732,4.49919462204,1.17589783669,0.70395976305,0.0
09/05/2025 06:00,10.6251516342,7.38128376007,4.57099914551,1.16586065292,0.719622671604,0.0
09/05/2025 07:00,10.7423353195,7.50133752823,4.64469528198,1.15623033047,0.735254704952,0.0
09/05/2025 08:00,10.8567342758,7.62311077118,4.72123718262,1.14662027359,0.750867724419,0.0
09/05/2025 09:00,10.9679803848,7.74543809891,4.79895496368,1.13747119904,0.766408026218,0.0
09/05/2025 10:00,11.0758390427,7.86979150772,4.87880659103,1.12777996063,0.781829953194,0.0
09/05/2025 11:00,11.1801042557,7.99397659302,4.96077108383,1.11853539944,0.797095537186,0.0
09/05/2025 12:00,11.2805948257,8.11809825897,5.04426431656,1.10902321339,0.812175989151,0.0
09/05/2025 13:00,11.3772935867,8.24236488342,5.12930393219,1.09972965717,0.827051103115,0.0
09/05/2025 14:00,11.470076561,8.36679649353,5.2155919075,1.09039187431,0.841710150242,0.0
09/05/2025 15:00,11.5589170456,8.49112892151,5.30396509171,1.08138477802,0.856151998043,0.0
09/05/2025 16:00,11.6439847946,8.61686325073,5.39259767532,1.07277643681,0.870385766029,0.0
09/05/2025 17:00,11.7253198624,8.74179935455,5.48221063614,1.06301963329,0.884428977966,0.0
09/05/2025 18:00,11.8029680252,8.86829948425,5.57386350632,1.05435180664,0.898302793503,0.0
09/05/2025 19:00,11.8770685196,8.99358558655,5.66628408432,1.04591214657,0.912027597427,0.0
09/05/2025 20:00,11.9473972321,9.11883449554,5.75958108902,1.03690385818,0.925622284412,0.0
09/05/2025 21:00,12.0144290924,9.24339580536,5.8531126976,1.02811825275,0.939103960991,0.0
09/05/2025 22:00,12.0781030655,9.36774635315,5.94655942917,1.01989877224,0.952489078045,0.0
09/05/2025 23:00,12.137720108,9.49175643921,6.0409655571,1.01140391827,0.965791940689,0.0
10/05/2025 00:00,12.1937885284,9.61483478546,6.13587331772,1.00310075283,0.979027032852,0.0
10/05/2025 01:00,12.2460355759,9.73919868469,6.23126411438,0.994729578495,0.9922067523,0.0
10/05/2025 02:00,12.29454422,9.86272144318,6.3286895752,0.986843764782,1.00534403324,0.0
10/05/2025 03:00,12.3361721039,9.95761966705,6.27882957458,1.04699003696,1.01845085621,0.0
10/05/2025 04:00,12.3838224411,10.1422100067,6.62625646591,0.635391056538,1.03154087067,0.0
10/05/2025 05:00,12.4128932953,10.1929769516,6.50185203552,0.30961099267,1.04462921619,0.0
10/05/2025 06:00,12.4531269073,10.3732204437,6.84275817871,-0.49343842268,1.05773282051,0.0
10/05/2025 07:00,12.4752578735,10.4234685898,6.70690155029,-0.67062830925,1.07087182999,0.0
10/05/2025 08:00,12.5084877014,10.595580101,7.04705429077,-0.70067346096,1.08494186401,0.0
10/05/2025 09:00,12.5267057419,10.6433391571,6.9029045105,-0.187832012773,1.10008203983,0.0
10/05/2025 10:00,12.5549068451,10.8064966202,7.25332307816,0.565755188465,1.11646199226,0.0
10/05/2025 11:00,12.5699958801,10.8514051437,7.10262203217,1.13736557961,1.13428342342,0.0
10/05/2025 12:00,12.5942306519,11.0059251785,7.4564242363,0.912339270115,1.15378320217,0.0
10/05/2025 13:00,12.6072978973,11.0469408035,7.29804325104,1.01562988758,1.17523813248,0.0
10/05/2025 14:00,12.6289863586,11.1915569305,7.65624952316,0.758566081524,1.198964715,0.0
10/05/2025 15:00,12.6415596008,11.2287549973,7.4886932373,0.812063217163,1.22532486916,0.0
10/05/2025 16:00,12.6626834869,11.3636875153,7.84911155701,0.275338172913,1.25472569466,0.0
10/05/2025 17:00,12.676656723,11.3972015381,7.67413425446,0.0386837534606,1.28762257099,0.0
10/05/2025 18:00,12.6996116638,11.5211200714,8.03600311279,-0.161684170365,1.32449674606,0.0
10/05/2025 19:00,12.719203949,11.5791416168,8.13460254669,-0.524248719215,1.36583197117,0.0
10/05/2025 20:00,12.741528511,11.6204481125,7.95023107529,-0.297323018312,1.41211009026,0.0
10/05/2025 21:00,12.7724885941,11.7327423096,8.28471279144,-0.454084515572,1.4638081789,0.0
10/05/2025 22:00,12.8007135391,11.7584247589,8.07786369324,-0.338044285774,1.52139532566,0.0
10/05/2025 23:00,12.8406038284,11.8578243256,8.44406700134,-0.478043943644,1.58532392979,0.0
11/05/2025 00:00,12.8806381226,11.8990440369,8.480884552,-0.0442808717489,1.65602660179,0.0
11/05/2025 01:00,12.9286594391,11.9547338486,8.57096672058,0.496209830046,1.73391485214,0.0
11/05/2025 02:00,12.98320961,12.0082597733,8.6395740509,0.923274874687,1.81937491894,0.0
11/05/2025 03:00,13.044927597,12.0594091415,8.69824409485,1.0495994091,1.91277217865,0.0
11/05/2025 04:00,13.1144094467,12.1090631485,8.75538349152,1.05640733242,2.01447153091,0.0
11/05/2025 05:00,13.1921186447,12.1563816071,8.8114528656,1.03927326202,2.12484502792,0.0
11/05/2025 06:00,13.2786169052,12.2028179169,8.86730003357,0.984000146389,2.24427390099,0.0
11/05/2025 07:00,13.3744468689,12.2481431961,8.92113685608,0.941153824329,2.37314867973,0.0
11/05/2025 08:00,13.4772949219,12.2926473618,8.97467899323,0.882258176804,2.50908541679,0.0
11/05/2025 09:00,13.5876436234,12.3368463516,9.02399539948,0.849924743176,2.65236139297,0.0
11/05/2025 10:00,13.7057285309,12.3810853958,9.07362937927,0.804822564125,2.80318832397,0.0
11/05/2025 11:00,13.8318881989,12.4256830215,9.12033557892,0.784984886646,2.96171236038,0.0
11/05/2025 12:00,13.9663181305,12.4713201523,9.1668548584,0.747054755688,3.12801122665,0.0
11/05/2025 13:00,14.1091308594,12.5191545486,9.21030521393,0.731437146664,3.30208897591,0.0
11/05/2025 14:00,14.2603731155,12.5687294006,9.25298690796,0.695280730724,3.48387742043,0.0
11/05/2025 15:00,14.4200277328,12.620347023,9.29272556305,0.683346867561,3.67322397232,0.0
11/05/2025 16:00,14.5880279541,12.6741847992,9.33155822754,0.651697576046,3.8698952198,0.0
11/05/2025 17:00,14.7641801834,12.7303276062,9.36835002899,0.643422782421,4.07357883453,0.0
11/05/2025 18:00,14.9482774734,12.7902374268,9.40463542938,0.616654932499,4.28394126892,0.0
11/05/2025 19:00,15.140089035,12.8534145355,9.44080352783,0.609645187855,4.50071525574,0.0
11/05/2025 20:00,15.3395824432,12.9207172394,9.47663784027,0.579285621643,4.72369623184,0.0
11/05/2025 21:00,15.5465726852,12.9925336838,9.50963115692,0.569592833519,4.95276260376,0.0
11/05/2025 22:00,15.7611255646,13.0685997009,9.54307460785,0.536398112774,5.18786048889,0.0
11/05/2025 23:00,15.9831972122,13.1500205994,9.57662582397,0.524148762226,5.42900657654,0.0
12/05/2025 00:00,16.2127971649,13.2364778519,9.61194229126,0.488811433315,5.67630338669,0.0
12/05/2025 01:00,16.450088501,13.3287763596,9.64872932434,0.475398421288,5.92992305756,0.0
12/05/2025 02:00,16.6950969696,13.4302902222,9.68605899811,0.438302457333,6.19012355804,0.0
12/05/2025 03:00,16.9480895996,13.540312767,9.72604751587,0.424657672644,6.45723104477,0.0
12/05/2025 04:00,17.2092514038,13.6578731537,9.76749324799,0.385867267847,6.73157548904,0.0
12/05/2025 05:00,17.4782848358,13.7821931839,9.81056785583,0.371286511421,7.01345825195,0.0
12/05/2025 06:00,17.7566986084,13.9135456085,9.857462883,0.330269277096,7.30316257477,0.0
12/05/2025 07:00,18.0431594849,14.0506830215,9.90921783447,0.313986092806,7.60094261169,0.0
12/05/2025 08:00,18.338722229,14.1945981979,9.96501922607,0.270497381687,7.90719795227,0.0
12/05/2025 09:00,18.6434440613,14.3453779221,10.0244255066,0.255045890808,8.22208309174,0.0
12/05/2025 10:00,18.9573955536,14.5032014847,10.0890111923,0.20919251442,8.54566860199,0.0
12/05/2025 11:00,19.2804718018,14.6693296432,10.1582565308,0.19298273325,8.87795734406,0.0
12/05/2025 12:00,19.6125431061,14.8446493149,10.2300748825,0.144075125456,9.21887016296,0.0
12/05/2025 13:00,19.9534263611,15.0276918411,10.3087854385,0.115542426705,9.56824684143,0.0
12/05/2025 14:00,20.302904129,15.2209501266,10.3929004669,0.0558436363935,9.92586231232,0.0
12/05/2025 15:00,20.6606807709,15.4228506088,10.4839801788,-0.0097623905167,10.2914323807,0.0
12/05/2025 16:00,21.0263576508,15.6337862015,10.5805225372,-0.0408856645226,10.6645889282,0.0
12/05/2025 17:00,21.399553299,15.8545198441,10.683306694,-0.0652550831437,11.0448989868,0.0
12/05/2025 18:00,21.7797470093,16.0854282379,10.794670105,-0.0697171539068,11.4318685532,0.0
12/05/2025 19:00,22.1663703918,16.3271541595,10.9108304977,-0.0721009001136,11.8249511719,0.0
12/05/2025 20:00,22.5588684082,16.5802268982,11.0342073441,-0.0737735107541,12.2235450745,0.0
12/05/2025 21:00,22.9565258026,16.8417186737,11.1628484726,-0.0858928635716,12.6269950867,0.0
12/05/2025 22:00,23.3587169647,17.1158008575,11.2973470688,-0.112351626158,13.0345926285,0.0
12/05/2025 23:00,23.7646579742,17.3983516693,11.4387931824,-0.153383404016,13.4455804825,0.0
13/05/2025 00:00,24.1734771729,17.690738678,11.5877971649,-0.200557649136,13.8591566086,0.0
13/05/2025 01:00,24.5839366913,17.9965438843,11.7419433594,-0.248692691326,14.2744655609,0.0
13/05/2025 02:00,24.9966259003,18.3098049164,11.9009723663,-0.290873736143,14.6906108856,0.0
13/05/2025 03:00,25.4089641571,18.6327342987,12.0668182373,-0.328902572393,15.1066408157,0.0
13/05/2025 04:00,25.8209247589,18.9630661011,12.2412405014,-0.36226657033,15.5215759277,0.0
13/05/2025 05:00,26.2312755585,19.3035964966,12.4223489761,-0.39476454258,15.9344062805,0.0
13/05/2025 06:00,26.6390132904,19.6546230316,12.6115760803,-0.425016343594,16.3440895081,0.0
